{
    "name": "root",
    "gauges": {
        "DroneDelivery.Policy.Entropy.mean": {
            "value": 1.4147166013717651,
            "min": 1.4146480560302734,
            "max": 1.425398588180542,
            "count": 421
        },
        "DroneDelivery.Policy.Entropy.sum": {
            "value": 15278.939453125,
            "min": 5541.19189453125,
            "max": 32855.66015625,
            "count": 421
        },
        "DroneDelivery.Environment.EpisodeLength.mean": {
            "value": 206.42857142857142,
            "min": 49.80898876404494,
            "max": 355.25,
            "count": 421
        },
        "DroneDelivery.Environment.EpisodeLength.sum": {
            "value": 10115.0,
            "min": 4527.0,
            "max": 15584.0,
            "count": 421
        },
        "DroneDelivery.Step.mean": {
            "value": 4999447.0,
            "min": 799935.0,
            "max": 4999447.0,
            "count": 421
        },
        "DroneDelivery.Step.sum": {
            "value": 4999447.0,
            "min": 799935.0,
            "max": 4999447.0,
            "count": 421
        },
        "DroneDelivery.Policy.ExtrinsicValueEstimate.mean": {
            "value": 0.30538368225097656,
            "min": -1.840087652206421,
            "max": 2.59283185005188,
            "count": 421
        },
        "DroneDelivery.Policy.ExtrinsicValueEstimate.sum": {
            "value": 15.269184112548828,
            "min": -113.95799255371094,
            "max": 108.89894104003906,
            "count": 421
        },
        "DroneDelivery.Policy.CuriosityValueEstimate.mean": {
            "value": 0.10828389972448349,
            "min": 0.07144280523061752,
            "max": 0.17280292510986328,
            "count": 421
        },
        "DroneDelivery.Policy.CuriosityValueEstimate.sum": {
            "value": 5.4141950607299805,
            "min": 1.9388225078582764,
            "max": 30.586116790771484,
            "count": 421
        },
        "DroneDelivery.Environment.CumulativeReward.mean": {
            "value": 1.2057334756851197,
            "min": -2.5502560306013677,
            "max": 7.850701475754763,
            "count": 421
        },
        "DroneDelivery.Environment.CumulativeReward.sum": {
            "value": 60.28667378425598,
            "min": -150.5053071975708,
            "max": 306.17735755443573,
            "count": 421
        },
        "DroneDelivery.Policy.ExtrinsicReward.mean": {
            "value": 1.2057334756851197,
            "min": -2.5502560306013677,
            "max": 7.850701475754763,
            "count": 421
        },
        "DroneDelivery.Policy.ExtrinsicReward.sum": {
            "value": 60.28667378425598,
            "min": -150.5053071975708,
            "max": 306.17735755443573,
            "count": 421
        },
        "DroneDelivery.Policy.CuriosityReward.mean": {
            "value": 0.17378507817804348,
            "min": 0.0,
            "max": 0.3087606630953295,
            "count": 421
        },
        "DroneDelivery.Policy.CuriosityReward.sum": {
            "value": 8.689253908902174,
            "min": 0.0,
            "max": 11.17643430607859,
            "count": 421
        },
        "DroneDelivery.IsTraining.mean": {
            "value": 1.0,
            "min": 1.0,
            "max": 1.0,
            "count": 421
        },
        "DroneDelivery.IsTraining.sum": {
            "value": 1.0,
            "min": 1.0,
            "max": 1.0,
            "count": 421
        },
        "DroneDelivery.Losses.PolicyLoss.mean": {
            "value": 0.010985829991986974,
            "min": 0.008693336606957019,
            "max": 0.014737947102403268,
            "count": 101
        },
        "DroneDelivery.Losses.PolicyLoss.sum": {
            "value": 0.010985829991986974,
            "min": 0.008693336606957019,
            "max": 0.014737947102403268,
            "count": 101
        },
        "DroneDelivery.Losses.ValueLoss.mean": {
            "value": 0.876169183254242,
            "min": 0.39484754860401156,
            "max": 1.1614618468284608,
            "count": 101
        },
        "DroneDelivery.Losses.ValueLoss.sum": {
            "value": 0.876169183254242,
            "min": 0.39484754860401156,
            "max": 1.1614618468284608,
            "count": 101
        },
        "DroneDelivery.Policy.LearningRate.mean": {
            "value": 6.469793531200052e-07,
            "min": 6.469793531200052e-07,
            "max": 8.336077663924002e-05,
            "count": 101
        },
        "DroneDelivery.Policy.LearningRate.sum": {
            "value": 6.469793531200052e-07,
            "min": 6.469793531200052e-07,
            "max": 8.336077663924002e-05,
            "count": 101
        },
        "DroneDelivery.Policy.Epsilon.mean": {
            "value": 0.10064688000000002,
            "min": 0.10064688000000002,
            "max": 0.18336075999999998,
            "count": 101
        },
        "DroneDelivery.Policy.Epsilon.sum": {
            "value": 0.10064688000000002,
            "min": 0.10064688000000002,
            "max": 0.18336075999999998,
            "count": 101
        },
        "DroneDelivery.Policy.Beta.mean": {
            "value": 7.462331200000052e-05,
            "min": 7.462331200000052e-05,
            "max": 0.008337739924,
            "count": 101
        },
        "DroneDelivery.Policy.Beta.sum": {
            "value": 7.462331200000052e-05,
            "min": 7.462331200000052e-05,
            "max": 0.008337739924,
            "count": 101
        },
        "DroneDelivery.Losses.CuriosityForwardLoss.mean": {
            "value": 0.09468555957078933,
            "min": 0.06851646915078163,
            "max": 0.11654901012778282,
            "count": 101
        },
        "DroneDelivery.Losses.CuriosityForwardLoss.sum": {
            "value": 0.09468555957078933,
            "min": 0.06851646915078163,
            "max": 0.11654901012778282,
            "count": 101
        },
        "DroneDelivery.Losses.CuriosityInverseLoss.mean": {
            "value": 1.402485384941101,
            "min": 1.402485384941101,
            "max": 2.781191849708557,
            "count": 101
        },
        "DroneDelivery.Losses.CuriosityInverseLoss.sum": {
            "value": 1.402485384941101,
            "min": 1.402485384941101,
            "max": 2.781191849708557,
            "count": 101
        }
    },
    "metadata": {
        "timer_format_version": "0.1.0",
        "start_time_seconds": "1774971235",
        "python_version": "3.10.8 (tags/v3.10.8:aaaf517, Oct 11 2022, 16:50:30) [MSC v.1933 64 bit (AMD64)]",
        "command_line_arguments": "D:\\Suli\\msc\\reinf\\reinf_gyak\\beadando\\reinf_learning\\.venv\\Scripts\\mlagents-learn Assets/Config/drone_config_v2.yaml --run-id=drone_v2_large --resume",
        "mlagents_version": "1.1.0",
        "mlagents_envs_version": "1.1.0",
        "communication_protocol_version": "1.5.0",
        "pytorch_version": "1.13.1+cpu",
        "numpy_version": "1.23.5",
        "end_time_seconds": "1774975482"
    },
    "total": 4246.987735799979,
    "count": 1,
    "self": 0.009288699948228896,
    "children": {
        "run_training.setup": {
            "total": 0.06953360000625253,
            "count": 1,
            "self": 0.06953360000625253
        },
        "TrainerController.start_learning": {
            "total": 4246.908913500025,
            "count": 1,
            "self": 0.9946219000266865,
            "children": {
                "TrainerController._reset_env": {
                    "total": 7.421155399992131,
                    "count": 1,
                    "self": 7.421155399992131
                },
                "TrainerController.advance": {
                    "total": 4238.390738900052,
                    "count": 35370,
                    "self": 0.40853389888070524,