{
    "name": "root",
    "gauges": {
        "DroneDelivery.Policy.Entropy.mean": {
            "value": 0.7443515062332153,
            "min": 0.590283215045929,
            "max": 1.285448431968689,
            "count": 359
        },
        "DroneDelivery.Policy.Entropy.sum": {
            "value": 7717.4365234375,
            "min": 3323.09228515625,
            "max": 20626.134765625,
            "count": 359
        },
        "DroneDelivery.Environment.EpisodeLength.mean": {
            "value": 38.06938775510204,
            "min": 28.578767123287673,
            "max": 254.32558139534885,
            "count": 359
        },
        "DroneDelivery.Environment.EpisodeLength.sum": {
            "value": 9327.0,
            "min": 6969.0,
            "max": 13738.0,
            "count": 359
        },
        "DroneDelivery.Step.mean": {
            "value": 4999939.0,
            "min": 1419937.0,
            "max": 4999939.0,
            "count": 359
        },
        "DroneDelivery.Step.sum": {
            "value": 4999939.0,
            "min": 1419937.0,
            "max": 4999939.0,
            "count": 359
        },
        "DroneDelivery.Policy.ExtrinsicValue.mean": {
            "value": -1.5646518468856812,
            "min": -1.7849069833755493,
            "max": 5.635806560516357,
            "count": 359
        },
        "DroneDelivery.Policy.ExtrinsicValue.sum": {
            "value": -397.42156982421875,
            "min": -463.93487548828125,
            "max": 555.189208984375,
            "count": 359
        },
        "DroneDelivery.Environment.CumulativeReward.mean": {
            "value": -0.3000681259500699,
            "min": -2.1958194613456725,
            "max": 4.4947154874151405,
            "count": 359
        },
        "DroneDelivery.Environment.CumulativeReward.sum": {
            "value": -76.21730399131775,
            "min": -185.15189671516418,
            "max": 709.0589697360992,
            "count": 359
        },
        "DroneDelivery.Policy.ExtrinsicReward.mean": {
            "value": -0.3000681259500699,
            "min": -2.1958194613456725,
            "max": 4.4947154874151405,
            "count": 359
        },
        "DroneDelivery.Policy.ExtrinsicReward.sum": {
            "value": -76.21730399131775,
            "min": -185.15189671516418,
            "max": 709.0589697360992,
            "count": 359
        },
        "DroneDelivery.Losses.PolicyLoss.mean": {
            "value": 0.9708117863148573,
            "min": -5.937291869835375,
            "max": 0.9960336368039296,
            "count": 359
        },
        "DroneDelivery.Losses.PolicyLoss.sum": {
            "value": 939.7458091527819,
            "min": -6120.506701226006,
            "max": 1194.0234850204642,
            "count": 359
        },
        "DroneDelivery.Losses.ValueLoss.mean": {
            "value": 0.04398363766620282,
            "min": 0.031657893710841344,
            "max": 0.6276166496939309,
            "count": 359
        },
        "DroneDelivery.Losses.ValueLoss.sum": {
            "value": 42.576161260884334,
            "min": 22.65586375959429,
            "max": 149.37276262715557,
            "count": 359
        },
        "DroneDelivery.Losses.Q1Loss.mean": {
            "value": 0.07112180011944443,
            "min": 0.03696186617811998,
            "max": 0.2626810224670914,
            "count": 359
        },
        "DroneDelivery.Losses.Q1Loss.sum": {
            "value": 68.8459025156222,
            "min": 26.750653837735285,
            "max": 142.38005285017954,
            "count": 359
        },
        "DroneDelivery.Losses.Q2Loss.mean": {
            "value": 0.07151621897749354,
            "min": 0.03591998857034629,
            "max": 0.2710909884818621,
            "count": 359
        },
        "DroneDelivery.Losses.Q2Loss.sum": {
            "value": 69.22769997021375,
            "min": 24.748872124968592,
            "max": 140.48433032664926,
            "count": 359
        },
        "DroneDelivery.Policy.ContinuousEntropyCoeff.mean": {
            "value": 0.0009574462562347971,
            "min": 0.0008203549008758293,
            "max": 0.44269874990421454,
            "count": 359
        },
        "DroneDelivery.Policy.ContinuousEntropyCoeff.sum": {
            "value": 0.9268079760352835,
            "min": 0.6403057758801037,
            "max": 312.152797405455,
            "count": 359
        },
        "DroneDelivery.Policy.LearningRate.mean": {
            "value": 0.0003,
            "min": 0.0002999999999999999,
            "max": 0.0003000000000000001,
            "count": 359
        },
        "DroneDelivery.Policy.LearningRate.sum": {
            "value": 0.2904,
            "min": 0.0714,
            "max": 0.4505999999999999,
            "count": 359
        },
        "DroneDelivery.IsTraining.mean": {
            "value": 1.0,
            "min": 1.0,
            "max": 1.0,
            "count": 359
        },
        "DroneDelivery.IsTraining.sum": {
            "value": 1.0,
            "min": 1.0,
            "max": 1.0,
            "count": 359
        }
    },
    "metadata": {
        "timer_format_version": "0.1.0",
        "start_time_seconds": "1775024873",
        "python_version": "3.10.8 (tags/v3.10.8:aaaf517, Oct 11 2022, 16:50:30) [MSC v.1933 64 bit (AMD64)]",
        "command_line_arguments": "D:\\Suli\\msc\\reinf\\reinf_gyak\\beadando\\reinf_learning\\.venv\\Scripts\\mlagents-learn Assets/Config/drone_config_v3_sac.yaml --run-id=drone_v3_sac --resume",
        "mlagents_version": "1.1.0",
        "mlagents_envs_version": "1.1.0",
        "communication_protocol_version": "1.5.0",
        "pytorch_version": "1.13.1+cpu",
        "numpy_version": "1.23.5",
        "end_time_seconds": "1775055334"
    },
    "total": 30461.558704199968,
    "count": 1,
    "self": 0.015352100017480552,
    "children": {
        "run_training.setup": {
            "total": 0.07368130004033446,
            "count": 1,
            "self": 0.07368130004033446
        },
        "TrainerController.start_learning": {
            "total": 30461.46967079991,
            "count": 1,
            "self": 1.2132020888384432,
            "children": {
                "TrainerController._reset_env": {
                    "total": 6.135389999952167,
                    "count": 1,
                    "self": 6.135389999952167
                },
                "TrainerController.advance": {
                    "total": 30454.03433381114,
                    "count": 48000,
                    "self": 0.516229709959589,
                    "children": {
                        "env_step": {
                            "total": 30453.518104101182,
                            "count": 48000,
                            "self": 30333.13700998621,
                            "children": {
                                "SubprocessEnvManager._take_step": {
                                    "total": 119.78783751674928,
                                    "count": 48000,
                                    "self": 3.4947994222166017,
                                    "children": {
                                        "TorchPolicy.evaluate": {
                                            "total": 116.29303809453268,
                                            "count": 16678,
                                            "self": 116.29303809453268
                                        }
                                    }
                                },
                                "workers": {
                                    "total": 0.5932565982220694,
                                    "count": 48000,
                                    "self": 0.0,
                                    "children": {
                                        "worker_root": {
                                            "total": 30454.05902619532,