{"count":1,"self":134.07392,"total":1295.8107244999999,"children":{"InitializeActuators":{"count":16,"self":0.001,"total":0.001,"children":null},"InitializeSensors":{"count":16,"self":0.0020001999999999997,"total":0.0020001999999999997,"children":null},"AgentSendState":{"count":334551,"self":27.174313599999998,"total":44.2649695,"children":{"CollectObservations":{"count":1070576,"self":2.2539504,"total":2.2539504,"children":null},"WriteActionMask":{"count":1070576,"self":0.32849,"total":0.32849,"children":null},"RequestDecision":{"count":1070576,"self":1.6652128,"total":14.508214299999999,"children":{"AgentInfo.ToProto":{"count":1070576,"self":1.3767494999999998,"total":12.8430015,"children":{"GenerateSensorData":{"count":1070576,"self":8.0040959999999988,"total":11.466251999999999,"children":{"RayPerceptionSensor.Perceive":{"count":2141152,"self":3.462156,"total":3.4621562,"children":null}}}}}}}}},"DecideAction":{"count":334551,"self":1100.645376,"total":1100.6454066,"children":null},"AgentAct":{"count":334551,"self":16.724001599999998,"total":16.7974405,"children":{"AgentInfo.ToProto":{"count":2595,"self":0.0189322,"total":0.0734393,"children":{"GenerateSensorData":{"count":2595,"self":0.0404806,"total":0.054507099999999996,"children":{"RayPerceptionSensor.Perceive":{"count":5190,"self":0.014026499999999999,"total":0.014026499999999999,"children":null}}}}}}},"AgentInfo.ToProto":{"count":1195,"self":0.0050012,"total":0.0249928,"children":{"GenerateSensorData":{"count":1195,"self":0.0159959,"total":0.019991599999999998,"children":{"RayPerceptionSensor.Perceive":{"count":2390,"self":0.0039957,"total":0.0039957,"children":null}}}}}},"gauges":{"DroneDelivery.CumulativeReward":{"count":3790,"max":42.5465279,"min":-4.98253536,"runningAverage":-1.47015822,"value":-4.53533268,"weightedAverage":-0.4657026}},"metadata":{"timer_format_version":"0.1.0","start_time_seconds":"1774896614","unity_version":"2022.3.62f3","command_line_arguments":"D:\\unity\\editor\\2022.3.62f3\\Editor\\Unity.exe -projectpath D:\\Suli\\msc\\reinf\\reinf_gyak\\beadando\\reinf_learning\\beadando -acceptSoftwareTermsForThisRunOnly -useHub -hubIPC -cloudEnvironment production -licensingIpc LicenseClient-aron -hubSessionId 991f1e28-2859-44e6-a846-94c6e6bdfa1a -accessToken 9k-Up5SXmAbyJgvuI1nLulxZQh6-yenQa-so8uiCK6s007f","communication_protocol_version":"1.5.0","com.unity.ml-agents_version":"2.0.2","scene_name":"DroneTraining","end_time_seconds":"1774897910"}}