{"count":1,"self":28.4963488,"total":797.7164914,"children":{"InitializeActuators":{"count":216,"self":0.0010138999999999999,"total":0.0010138999999999999,"children":null},"InitializeSensors":{"count":216,"self":0.0049993,"total":0.0049993,"children":null},"AgentSendState":{"count":19367,"self":28.9283872,"total":41.5442628,"children":{"CollectObservations":{"count":836784,"self":1.7605879999999998,"total":1.7605879,"children":null},"WriteActionMask":{"count":836784,"self":0.2621538,"total":0.2621538,"children":null},"RequestDecision":{"count":836784,"self":1.176501,"total":10.593133499999999,"children":{"AgentInfo.ToProto":{"count":836784,"self":0.87584619999999991,"total":9.4166325,"children":{"GenerateSensorData":{"count":836784,"self":5.7576671999999993,"total":8.5407862999999988,"children":{"RayPerceptionSensor.Perceive":{"count":1673568,"self":2.7831192,"total":2.7831192,"children":null}}}}}}}}},"DecideAction":{"count":19367,"self":715.6765184,"total":715.6765339,"children":null},"AgentAct":{"count":19367,"self":11.8411864,"total":11.902952299999999,"children":{"AgentInfo.ToProto":{"count":1718,"self":0.0135605,"total":0.0617659,"children":{"GenerateSensorData":{"count":1718,"self":0.0371887,"total":0.048205399999999995,"children":{"RayPerceptionSensor.Perceive":{"count":3436,"self":0.011016699999999999,"total":0.011016699999999999,"children":null}}}}}}},"AgentInfo.ToProto":{"count":3232,"self":0.01398,"total":0.090381599999999993,"children":{"GenerateSensorData":{"count":3232,"self":0.0569031,"total":0.0764016,"children":{"RayPerceptionSensor.Perceive":{"count":6464,"self":0.0194985,"total":0.0194985,"children":null}}}}}},"gauges":{"DroneDelivery.CumulativeReward":{"count":4950,"max":67.69409,"min":-12.7574244,"runningAverage":0.0208120346,"value":-0.449336052,"weightedAverage":-1.08297718}},"metadata":{"timer_format_version":"0.1.0","start_time_seconds":"1774970341","unity_version":"2022.3.62f3","command_line_arguments":"D:\\unity\\editor\\2022.3.62f3\\Editor\\Unity.exe -projectpath D:\\Suli\\msc\\reinf\\reinf_gyak\\beadando\\reinf_learning\\beadando -acceptSoftwareTermsForThisRunOnly -useHub -hubIPC -cloudEnvironment production -licensingIpc LicenseClient-aron -hubSessionId 79fe0cd8-9d9c-4ad7-abf3-9346ec3021bd -accessToken EWWZmfmEyd7cbKTyUYYZrYh5zF7a3rIleckBBfoWQpU007f","communication_protocol_version":"1.5.0","com.unity.ml-agents_version":"2.0.2","scene_name":"DroneTraining","end_time_seconds":"1774971139"}}